[
{"经部：": [{"link": "/guwen/Default.aspx?p=1&type=%e6%98%93%e7%b1%bb", "name": "易类"}, {"link": "/guwen/Default.aspx?p=1&type=%e4%b9%a6%e7%b1%bb", "name": "书类"}, {"link": "/guwen/Default.aspx?p=1&type=%e8%af%97%e7%b1%bb", "name": "诗类"}, {"link": "/guwen/Default.aspx?p=1&type=%e7%a4%bc%e7%b1%bb", "name": "礼类"}, {"link": "/guwen/Default.aspx?p=1&type=%e6%98%a5%e7%a7%8b%e7%b1%bb", "name": "春秋类"}, {"link": "/guwen/Default.aspx?p=1&type=%e5%ad%9d%e7%bb%8f%e7%b1%bb", "name": "孝经类"}, {"link": "/guwen/Default.aspx?p=1&type=%e4%ba%94%e7%bb%8f%e6%80%bb%e4%b9%89%e7%b1%bb", "name": "五经总义类"}, {"link": "/guwen/Default.aspx?p=1&type=%e5%9b%9b%e4%b9%a6%e7%b1%bb", "name": "四书类"}, {"link": "/guwen/Default.aspx?p=1&type=%e4%b9%90%e7%b1%bb", "name": "乐类"}, {"link": "/guwen/Default.aspx?p=1&type=%e5%b0%8f%e5%ad%a6%e7%b1%bb", "name": "小学类"}]},
{"史部：": [{"link": "/guwen/Default.aspx?p=1&type=%e6%ad%a3%e5%8f%b2%e7%b1%bb", "name": "正史类"}, {"link": "/guwen/Default.aspx?p=1&type=%e7%bc%96%e5%b9%b4%e7%b1%bb", "name": "编年类"}, {"link": "/guwen/Default.aspx?p=1&type=%e7%ba%aa%e4%ba%8b%e6%9c%ac%e6%9c%ab%e7%b1%bb", "name": "纪事本末类"}, {"link": "/guwen/Default.aspx?p=1&type=%e6%9d%82%e5%8f%b2%e7%b1%bb", "name": "杂史类"}, {"link": "/guwen/Default.aspx?p=1&type=%e5%88%ab%e5%8f%b2%e7%b1%bb", "name": "别史类"}, {"link": "/guwen/Default.aspx?p=1&type=%e8%af%8f%e4%bb%a4%e5%a5%8f%e8%ae%ae%e7%b1%bb", "name": "诏令奏议类"}, {"link": "/guwen/Default.aspx?p=1&type=%e4%bc%a0%e8%ae%b0%e7%b1%bb", "name": "传记类"}, {"link": "/guwen/Default.aspx?p=1&type=%e5%8f%b2%e9%92%9e%e7%b1%bb", "name": "史钞类"}, {"link": "/guwen/Default.aspx?p=1&type=%e8%bd%bd%e8%ae%b0%e7%b1%bb", "name": "载记类"}, {"link": "/guwen/Default.aspx?p=1&type=%e6%97%b6%e4%bb%a4%e7%b1%bb", "name": "时令类"}, {"link": "/guwen/Default.aspx?p=1&type=%e5%9c%b0%e7%90%86%e7%b1%bb", "name": "地理类"}, {"link": "/guwen/Default.aspx?p=1&type=%e8%81%8c%e5%ae%98%e7%b1%bb", "name": "职官类"}, {"link": "/guwen/Default.aspx?p=1&type=%e6%94%bf%e4%b9%a6%e7%b1%bb", "name": "政书类"}, {"link": "/guwen/Default.aspx?p=1&type=%e7%9b%ae%e5%bd%95%e7%b1%bb", "name": "目录类"}, {"link": "/guwen/Default.aspx?p=1&type=%e5%8f%b2%e8%af%84%e7%b1%bb", "name": "史评类"}]},
{"子部：": [{"link": "/guwen/Default.aspx?p=1&type=%e5%84%92%e5%ae%b6%e7%b1%bb", "name": "儒家类"}, {"link": "/guwen/Default.aspx?p=1&type=%e5%85%b5%e5%ae%b6%e7%b1%bb", "name": "兵家类"}, {"link": "/guwen/Default.aspx?p=1&type=%e6%b3%95%e5%ae%b6%e7%b1%bb", "name": "法家类"}, {"link": "/guwen/Default.aspx?p=1&type=%e5%86%9c%e5%ae%b6%e7%b1%bb", "name": "农家类"}, {"link": "/guwen/Default.aspx?p=1&type=%e5%8c%bb%e5%ae%b6%e7%b1%bb", "name": "医家类"}, {"link": "/guwen/Default.aspx?p=1&type=%e5%a4%a9%e6%96%87%e7%ae%97%e6%b3%95%e7%b1%bb", "name": "天文算法类"}, {"link": "/guwen/Default.aspx?p=1&type=%e6%9c%af%e6%95%b0%e7%b1%bb", "name": "术数类"}, {"link": "/guwen/Default.aspx?p=1&type=%e8%89%ba%e6%9c%af%e7%b1%bb", "name": "艺术类"}, {"link": "/guwen/Default.aspx?p=1&type=%e8%b0%b1%e5%bd%95%e7%b1%bb", "name": "谱录类"}, {"link": "/guwen/Default.aspx?p=1&type=%e6%9d%82%e5%ae%b6%e7%b1%bb", "name": "杂家类"}, {"link": "/guwen/Default.aspx?p=1&type=%e7%b1%bb%e4%b9%a6%e7%b1%bb", "name": "类书类"}, {"link": "/guwen/Default.aspx?p=1&type=%e5%b0%8f%e8%af%b4%e5%ae%b6%e7%b1%bb", "name": "小说家类"}, {"link": "/guwen/Default.aspx?p=1&type=%e9%87%8a%e5%ae%b6%e7%b1%bb", "name": "释家类"}, {"link": "/guwen/Default.aspx?p=1&type=%e9%81%93%e5%ae%b6%e7%b1%bb", "name": "道家类"}]},
{"集部：": [{"link": "/guwen/Default.aspx?p=1&type=%e6%a5%9a%e8%be%9e%e7%b1%bb", "name": "楚辞类"}, {"link": "/guwen/Default.aspx?p=1&type=%e5%88%ab%e9%9b%86%e7%b1%bb", "name": "别集类"}, {"link": "/guwen/Default.aspx?p=1&type=%e6%80%bb%e9%9b%86%e7%b1%bb", "name": "总集类"}, {"link": "/guwen/Default.aspx?p=1&type=%e8%af%97%e6%96%87%e8%af%84%e7%b1%bb", "name": "诗文评类"}, {"link": "/guwen/Default.aspx?p=1&type=%e8%af%8d%e6%9b%b2%e7%b1%bb", "name": "词曲类"}]}
]